{"parent":"minecraft:block/cube_column","textures":{"trim":"hockey:board/trim","board":"hockey:board/board","particle":"#color"},"elements":[{"from":[0,14,0],"to":[16,16,16],"faces":{"north":{"uv":[0,0,16,2],"texture":"#color"},"east":{"uv":[0,0,16,2],"texture":"#color"},"south":{"uv":[0,0,16,2],"texture":"#color"},"west":{"uv":[0,0,16,2],"texture":"#color"},"up":{"uv":[0,0,16,16],"texture":"#color"},"down":{"uv":[0,0,0,0],"texture":"#color"}}},{"from":[0,5,0],"to":[16,14,16],"faces":{"north":{"uv":[0,2,16,16],"texture":"#board"},"east":{"uv":[0,2,16,16],"texture":"#board"},"south":{"uv":[0,2,16,16],"texture":"#board"},"west":{"uv":[0,2,16,16],"texture":"#board"}}},{"from":[-1,0,-1],"to":[17,5,17],"faces":{"north":{"uv":[0,0,16,5],"texture":"#trim"},"east":{"uv":[0,0,16,5],"texture":"#trim"},"south":{"uv":[0,0,16,5],"texture":"#trim"},"west":{"uv":[0,0,16,5],"texture":"#trim"},"up":{"uv":[0,0,16,16],"texture":"#trim"},"down":{"uv":[0,0,16,16],"texture":"#board"}}}]}