{"ambientocclusion":false,"texture_size":[16,32],"textures":{"0":"hockey:glass/corner1","1":"hockey:glass/pane","2":"hockey:glass/corner2","3":"hockey:glass/corner3","5":"hockey:glass/corner4","particle":"hockey:glass/pane"},"elements":[{"from":[7,0,7],"to":[16,16,9],"rotation":{"angle":0,"axis":"y","origin":[8.33333,8,6.5]},"faces":{"north":{"uv":[0,0,16,16],"rotation":180,"texture":"#0"},"south":{"uv":[0,0,16,16],"rotation":180,"texture":"#3"},"west":{"uv":[0,0,16,16],"texture":"#5"}}},{"from":[0,0,7],"to":[7,16,9],"rotation":{"angle":0,"axis":"y","origin":[8.33333,8,6.5]},"faces":{"north":{"uv":[0,0,16,16],"rotation":180,"texture":"#1"},"south":{"uv":[0,0,16,16],"rotation":180,"texture":"#1"}}},{"from":[7,0,9],"to":[9,16,16],"rotation":{"angle":0,"axis":"y","origin":[8.33333,8,6.5]},"faces":{"east":{"uv":[0,0,16,16],"rotation":180,"texture":"#2"},"west":{"uv":[0,0,16,16],"texture":"#1"}}}]}