{"parent":"minecraft:block/fence_post","textures":{"0":"hockey:net/bar","particle":"hockey:net/bar"},"elements":[{"from":[6,0,6],"to":[10,20,10],"rotation":{"angle":0,"axis":"z","origin":[8,14,8]},"faces":{"north":{"uv":[0,0,16,4],"rotation":270,"texture":"#0"},"east":{"uv":[0,0,16,4],"rotation":270,"texture":"#0"},"south":{"uv":[0,0,16,4],"rotation":90,"texture":"#0"},"west":{"uv":[0,0,16,4],"rotation":270,"texture":"#0"},"up":{"uv":[0,0,4,4],"rotation":90,"texture":"#0"},"down":{"uv":[0,0,4,4],"rotation":90,"texture":"#0"}}}]}