{"ambientocclusion":false,"texture_size":[16,32],"textures":{"1":"hockey:glass/pane","particle":"hockey:glass/pane"},"elements":[{"from":[7,0,0],"to":[9,16,9],"rotation":{"angle":0,"axis":"y","origin":[7,7,9]},"faces":{"east":{"uv":[0,0,16,16],"rotation":180,"texture":"#1"},"south":{"uv":[0,0,16,16],"texture":"#1"},"west":{"uv":[0,0,16,16],"rotation":180,"texture":"#1"}}},{"from":[9,0,7],"to":[16,16,9],"rotation":{"angle":0,"axis":"y","origin":[7,7,9]},"faces":{"north":{"uv":[0,0,16,16],"rotation":180,"texture":"#1"},"south":{"uv":[0,0,16,16],"texture":"#1"}}}]}