{
    "post": {
        "subtitle": "Puck rings off goal post",
        "sounds": [
            {
                "name": "hockey:puck/post",
                "stream": true
            }
        ]
    },
    "buzzer.period": {
        "subtitle": "Period buzzer",
        "sounds": [
            {
                "name": "hockey:buzzer/period",
                "stream": true
            }
        ]
    },
    "buzzer.timeout": {
        "subtitle": "Timeout buzzer",
        "sounds": [
            {
                "name": "hockey:buzzer/timeout",
                "stream": true
            }
        ]
    },
    "announcer.first_period": {
        "subtitle": "Final minute announcement",
        "sounds": [
            {
                "name": "hockey:announcer/first_period",
                "stream": true
            }
        ]
    },
    "announcer.second_period": {
        "subtitle": "Final minute announcement",
        "sounds": [
            {
                "name": "hockey:announcer/second_period",
                "stream": true
            }
        ]
    },
    "announcer.third_period": {
        "subtitle": "Final minute announcement",
        "sounds": [
            {
                "name": "hockey:announcer/third_period",
                "stream": true
            }
        ]
    },
    "announcer.overtime_period": {
        "subtitle": "Final minute announcement",
        "sounds": [
            {
                "name": "hockey:announcer/overtime_period",
                "stream": true
            }
        ]
    },
    "ref.whistle": {
        "subtitle": "Referee whistle",
        "sounds": [
            {
                "name": "hockey:ref/whistle_long",
                "stream": true
            },
            {
                "name": "hockey:ref/whistle_short",
                "stream": true
            }
        ]
    },
    "ref.whistle.short": {
        "subtitle": "Referee whistle",
        "sounds": [
            {
                "name": "hockey:ref/whistle_short",
                "stream": true
            }
        ]
    },
    "ref.whistle.long": {
        "subtitle": "Referee whistle",
        "sounds": [
            {
                "name": "hockey:ref/whistle_long",
                "stream": true
            }
        ]
    },
    "puck.glass": {
        "subtitle": "Puck hits glass",
        "sounds": [
            {
                "name": "hockey:puck/glass1",
                "stream": true
            },
            {
                "name": "hockey:puck/glass2",
                "stream": true
            }
        ]
    },
    "puck.board": {
        "subtitle": "Puck hits boards",
        "sounds": [
            {
                "name": "hockey:puck/board1",
                "stream": true
            },
            {
                "name": "hockey:puck/board2",
                "stream": true
            },
            {
                "name": "hockey:puck/board3",
                "stream": true
            },
            {
                "name": "hockey:puck/board4",
                "stream": true
            }
        ]
    },
    "puck.rim": {
        "subtitle": "Puck hits goal rim",
        "sounds": [
            {
                "name": "hockey:puck/rim1",
                "stream": true
            },
            {
                "name": "hockey:puck/rim2",
                "stream": true
            }
        ]
    },
    "puck.mesh": {
        "subtitle": "Puck hits goal mesh",
        "sounds": [
            {
                "name": "hockey:puck/mesh1",
                "stream": true
            },
            {
                "name": "hockey:puck/mesh2",
                "stream": true
            },
            {
                "name": "hockey:puck/mesh3",
                "stream": true
            }
        ]
    },
    "player.jump_board": {
        "subtitle": "Player jumps over boards",
        "sounds": [
            {
                "name": "hockey:player/jump_board1",
                "stream": true
            },
            {
                "name": "hockey:player/jump_board2",
                "stream": true
            },
            {
                "name": "hockey:player/jump_board3",
                "stream": true
            }
        ]
    },
    "stick.tap.self": {
        "subtitle": "Stick tap",
        "sounds": [
            {
                "name": "hockey:stick/self/tap1",
                "stream": true
            },
            {
                "name": "hockey:stick/self/tap2",
                "stream": true
            },
            {
                "name": "hockey:stick/self/tap3",
                "stream": true
            },
            {
                "name": "hockey:stick/self/tap4",
                "stream": true
            },
            {
                "name": "hockey:stick/self/tap5",
                "stream": true
            }
        ]
    },
    "stick.tap.other": {
        "subtitle": "Stick tap",
        "sounds": [
            {
                "name": "hockey:stick/other/tap1",
                "stream": true
            },
            {
                "name": "hockey:stick/other/tap2",
                "stream": true
            },
            {
                "name": "hockey:stick/other/tap3",
                "stream": true
            },
            {
                "name": "hockey:stick/other/tap4",
                "stream": true
            },
            {
                "name": "hockey:stick/other/tap5",
                "stream": true
            }
        ]
    }
}