{"ambientocclusion":false,"texture_size":[16,32],"textures":{"0":"hockey:glass/pane","particle":"hockey:glass/pane"},"elements":[{"from":[0,0,7],"to":[16,16,9],"rotation":{"angle":0,"axis":"y","origin":[8,8,5.75]},"faces":{"north":{"uv":[0,0,16,16],"texture":"#0"},"south":{"uv":[0,0,16,16],"rotation":180,"texture":"#0"}}},{"from":[7,0,9],"to":[9,16,16],"rotation":{"angle":0,"axis":"y","origin":[8,8,5.75]},"faces":{"east":{"uv":[0,0,16,16],"rotation":180,"texture":"#0"},"west":{"uv":[0,0,16,16],"rotation":180,"texture":"#0"}}}]}