{"textures":{"0":"hockey:net/bar","particle":"hockey:net/bar"},"elements":[{"from":[6,-6,0],"to":[10,26,4],"rotation":{"angle":0,"axis":"x","origin":[14,12,-4]},"faces":{"north":{"uv":[0,0,4,16],"rotation":180,"texture":"#0"},"east":{"uv":[0,0,16,4],"rotation":90,"texture":"#0"},"south":{"uv":[0,0,4,16],"texture":"#0"},"west":{"uv":[0,0,16,4],"rotation":270,"texture":"#0"},"up":{"uv":[0,0,4,4],"texture":"#0"},"down":{"uv":[0,0,4,4],"rotation":180,"texture":"#0"}}}],"gui_light":"front","display":{"thirdperson_righthand":{"translation":[0,5.25,6.25],"scale":[0.5,0.5,0.5]},"thirdperson_lefthand":{"translation":[0,5.25,6.25],"scale":[0.5,0.5,0.5]},"firstperson_righthand":{"rotation":[-33,0,0],"translation":[9.75,-2.75,-0.25]},"firstperson_lefthand":{"rotation":[-33,0,0],"translation":[9.75,-2.75,-0.25]},"ground":{"rotation":[90,0,0],"translation":[0,-6,0],"scale":[0.5,0.5,0.5]},"gui":{"rotation":[0,0,90],"scale":[0.4,0.4,0.4]}}}