{"textures":{"1":"hockey:ice/white","2":"hockey:ice/red","particle": "hockey:ice/red"},"elements":[{"from":[6,0,0],"to":[16,1,16],"faces":{"north":{"uv":[0,0,10,1],"rotation":180,"texture":"#2"},"east":{"uv":[0,0,16,1],"texture":"#2"},"south":{"uv":[0,0,10,1],"texture":"#2"},"up":{"uv":[0,0,10,16],"texture":"#2"},"down":{"uv":[0,0,10,16],"texture":"#2"}}},{"from":[0,0,0],"to":[6,1,16],"faces":{"north":{"uv":[0,0,16,16],"texture":"#1"},"east":{"uv":[0,0,16,16],"texture":"#1"},"south":{"uv":[0,0,16,16],"texture":"#1"},"west":{"uv":[0,0,16,16],"texture":"#1"},"up":{"uv":[0,0,16,16],"texture":"#1"},"down":{"uv":[0,0,16,16],"texture":"#1"}}}]}